Oakland, CA 94612
Oakland, CA 94612
Oakland, CA 94612
Oakland, CA 94612
Oakland, CA 94612
Oakland, CA 94612
Oakland, CA 94612
Oakland, CA 94612
Oakland, CA 94612
Oakland, CA 94607
Oakland, CA 94607
Oakland, CA 94612
Oakland, CA 94612
Oakland, CA 94607
Oakland, CA 94612
Oakland, CA 94612
Oakland, CA 94612
Oakland, CA 94612
Oakland, CA 94607
Oakland, CA 94607
Oakland, CA 94612
Oakland, CA 94607
Oakland, CA 94607
Oakland, CA 94607
Oakland, CA 94614
Oakland, CA 94612
Oakland, CA 94607
Oakland, CA 94607
Oakland, CA 94609
Oakland, CA 94610
Oakland, CA 94610
Oakland, CA 94606
Oakland, CA 94609
Oakland, CA 94610
Oakland, CA 94610
Oakland, CA 94610
Oakland, CA 94610
Oakland, CA 94610
Oakland, CA 94610
Oakland, CA 94611
Oakland, CA 94611
Oakland, CA 94611
Oakland, CA 94607
Oakland, CA 94611
Oakland, CA 94609
Oakland, CA 94611
Oakland, CA 94611
Oakland, CA 94611
Oakland, CA 94611
Oakland, CA 94609
Oakland, CA 94611
Oakland, CA 94609
Oakland, CA 94609
Oakland, CA 94606
Oakland, CA 94618
Oakland, CA 94602
Oakland, CA 94602
Oakland, CA 94608
Oakland, CA 94618
Oakland, CA 94601
Oakland, CA 94601
Oakland, CA 94602
Oakland, CA 94601
Oakland, CA 94601
Oakland, CA 94602
Oakland, CA 94618
Oakland, CA 94601
Oakland, CA 94602
Oakland, CA 94611
Oakland, CA 94619
Oakland, CA 94602
Oakland, CA 94602
Oakland, CA 94619
Oakland, CA 94621
Oakland, CA 94621
Oakland, CA 94612
Oakland, CA 94612
Oakland, CA 94612
Oakland, CA 94612
Oakland, CA 94612
Oakland, CA 94612
Oakland, CA 94612
Oakland, CA 94612
Oakland, CA 94607
Oakland, CA 94607
Oakland, CA 94612
Oakland, CA 94612
Oakland, CA 94607
Oakland, CA 94612
Oakland, CA 94612
Oakland, CA 94612
Oakland, CA 94612
Oakland, CA 94607
Oakland, CA 94607
